frame,method,object_id,type,class_group,distance_m,height_m,pts_before,pts_after_ground,kept_ratio,low_pts_before,low_kept_ratio,best_cluster_pts,detected
000004,ransac,0,Car,Car,41.4,1.49,77,55,0.7143,40,0.65,42,1
000004,height_cut,0,Car,Car,41.4,1.49,77,66,0.8571,31,0.6452,64,1
000007,ransac,0,Car,Car,25.0,1.61,156,120,0.7692,56,0.625,118,1
000007,ransac,3,Cyclist,Cyclist,36.4,1.72,24,20,0.8333,7,0.5714,20,1
000007,height_cut,0,Car,Car,25.0,1.61,156,152,0.9744,36,0.8889,150,1
000007,height_cut,3,Cyclist,Cyclist,36.4,1.72,24,24,1.0,2,1.0,23,1
000008,ransac,0,Car,Car,4.6,1.6,939,722,0.7689,345,0.4812,716,1
000008,ransac,1,Car,Car,7.9,1.57,748,597,0.7981,250,0.56,597,1
000008,ransac,2,Car,Car,7.2,1.39,322,258,0.8012,151,0.6755,247,1
000008,ransac,3,Car,Car,14.5,1.47,423,374,0.8842,134,0.6343,374,1
000008,ransac,4,Car,Car,34.0,1.7,52,31,0.5962,16,0.5625,29,1
000008,ransac,5,Car,Car,21.7,1.59,128,89,0.6953,50,0.62,88,1
000008,height_cut,0,Car,Car,4.6,1.6,939,727,0.7742,358,0.4078,721,1
000008,height_cut,1,Car,Car,7.9,1.57,748,610,0.8155,234,0.4103,610,1
000008,height_cut,2,Car,Car,7.2,1.39,322,272,0.8447,144,0.6528,261,1
000008,height_cut,3,Car,Car,14.5,1.47,423,423,1.0,76,1.0,423,1
000008,height_cut,4,Car,Car,34.0,1.7,52,52,1.0,14,1.0,49,1
000008,height_cut,5,Car,Car,21.7,1.59,128,122,0.9531,39,0.8462,121,1
000009,ransac,0,Car,Car,23.9,1.61,175,130,0.7429,53,0.7736,125,1
000009,height_cut,0,Car,Car,23.9,1.61,175,147,0.84,45,0.3778,142,1
000010,ransac,0,Car,Car,6.8,1.57,473,324,0.685,199,0.5477,323,1
000010,ransac,1,Car,Car,12.0,1.43,568,500,0.8803,237,0.73,499,1
000010,ransac,2,Pedestrian,Pedestrian,24.9,1.96,22,22,1.0,0,nan,22,1
000010,ransac,3,Car,Car,17.5,1.51,231,178,0.7706,96,0.6562,167,1
000010,ransac,4,Car,Car,23.1,1.45,47,34,0.7234,16,0.3125,31,1
000010,ransac,5,Car,Car,23.6,1.54,202,146,0.7228,75,0.6533,145,1
000010,ransac,6,Car,Car,29.1,1.49,54,41,0.7593,15,0.7333,26,1
000010,ransac,7,Car,Car,29.6,1.53,31,13,0.4194,7,0.1429,5,0
000010,height_cut,0,Car,Car,6.8,1.57,473,399,0.8436,189,0.6085,398,1
000010,height_cut,1,Car,Car,12.0,1.43,568,557,0.9806,153,0.9281,556,1
000010,height_cut,2,Pedestrian,Pedestrian,24.9,1.96,22,22,1.0,0,nan,22,1
000010,height_cut,3,Car,Car,17.5,1.51,231,220,0.9524,54,0.7963,214,1
000010,height_cut,4,Car,Car,23.1,1.45,47,47,1.0,13,1.0,40,1
000010,height_cut,5,Car,Car,23.6,1.54,202,172,0.8515,59,0.4915,171,1
000010,height_cut,6,Car,Car,29.1,1.49,54,47,0.8704,15,0.5333,36,1
000010,height_cut,7,Car,Car,29.6,1.53,31,21,0.6774,15,0.3333,13,1
000011,ransac,0,Pedestrian,Pedestrian,13.4,1.9,103,88,0.8544,34,0.5882,88,1
000011,ransac,1,Pedestrian,Pedestrian,14.5,1.87,24,14,0.5833,11,0.6364,8,0
000011,ransac,2,Car,Car,27.1,1.86,182,142,0.7802,49,0.7347,132,1
000011,ransac,3,Pedestrian,Pedestrian,34.2,1.78,39,35,0.8974,10,0.9,35,1
000011,ransac,4,Car,Car,6.6,1.5,927,742,0.8004,288,0.684,742,1
000011,ransac,5,Pedestrian,Pedestrian,17.8,1.54,60,53,0.8833,18,0.7778,53,1
000011,height_cut,0,Pedestrian,Pedestrian,13.4,1.9,103,103,1.0,11,1.0,103,1
000011,height_cut,1,Pedestrian,Pedestrian,14.5,1.87,24,24,1.0,10,1.0,18,1
000011,height_cut,2,Car,Car,27.1,1.86,182,157,0.8626,51,0.5098,143,1
000011,height_cut,3,Pedestrian,Pedestrian,34.2,1.78,39,39,1.0,0,nan,39,1
000011,height_cut,4,Car,Car,6.6,1.5,927,684,0.7379,292,0.6473,684,1
000011,height_cut,5,Pedestrian,Pedestrian,17.8,1.54,60,53,0.8833,21,0.6667,53,1
000015,ransac,0,Car,Car,4.9,1.57,1091,854,0.7828,363,0.6694,851,1
000015,ransac,1,Pedestrian,Pedestrian,9.0,1.81,144,120,0.8333,46,0.6087,120,1
000015,ransac,2,Pedestrian,Pedestrian,24.3,1.73,47,38,0.8085,16,0.6875,38,1
000015,ransac,3,Pedestrian,Pedestrian,24.4,1.81,64,52,0.8125,23,0.5652,52,1
000015,ransac,4,Pedestrian,Pedestrian,23.4,1.78,60,57,0.95,12,0.75,57,1
000015,height_cut,0,Car,Car,4.9,1.57,1091,908,0.8323,338,0.6154,905,1
000015,height_cut,1,Pedestrian,Pedestrian,9.0,1.81,144,144,1.0,24,1.0,144,1
000015,height_cut,2,Pedestrian,Pedestrian,24.3,1.73,47,46,0.9787,6,0.8333,46,1
000015,height_cut,3,Pedestrian,Pedestrian,24.4,1.81,64,64,1.0,6,1.0,64,1
000015,height_cut,4,Pedestrian,Pedestrian,23.4,1.78,60,60,1.0,6,1.0,60,1
000016,ransac,1,Truck,Car,28.1,4.02,1864,1742,0.9345,225,0.7022,1692,1
000016,ransac,2,Car,Car,33.4,1.42,47,38,0.8085,22,0.8182,34,1
000016,ransac,3,Car,Car,7.1,1.45,553,441,0.7975,231,0.6494,413,1
000016,height_cut,1,Truck,Car,28.1,4.02,1864,1819,0.9759,134,0.6642,1762,1
000016,height_cut,2,Car,Car,33.4,1.42,47,47,1.0,0,nan,38,1
000016,height_cut,3,Car,Car,7.1,1.45,553,511,0.9241,161,0.7391,483,1
000019,ransac,0,Truck,Car,6.3,2.6,1831,1749,0.9552,172,0.6105,1749,1
000019,ransac,1,Car,Car,10.1,1.46,517,403,0.7795,147,0.6939,402,1
000019,ransac,2,Van,Car,35.4,1.97,103,78,0.7573,30,0.4667,78,1
000019,height_cut,0,Truck,Car,6.3,2.6,1831,1733,0.9465,161,0.4845,1733,1
000019,height_cut,1,Car,Car,10.1,1.46,517,443,0.8569,142,0.4789,442,1
000019,height_cut,2,Van,Car,35.4,1.97,103,94,0.9126,25,0.64,93,1
000021,ransac,0,Cyclist,Cyclist,4.2,1.59,331,236,0.713,130,0.6846,236,1
000021,ransac,1,Car,Car,13.6,1.44,522,444,0.8506,199,0.6131,444,1
000021,ransac,2,Car,Car,17.8,1.77,190,154,0.8105,36,0.6389,132,1
000021,ransac,3,Van,Car,23.9,2.71,788,781,0.9911,92,0.9239,705,1
000021,ransac,4,Car,Car,26.5,1.45,153,111,0.7255,55,0.7455,100,1
000021,ransac,5,Car,Car,26.9,1.73,98,76,0.7755,47,0.6596,53,1
000021,ransac,6,Car,Car,32.6,1.78,49,39,0.7959,15,0.6667,36,1
000021,ransac,7,Car,Car,31.8,1.68,26,23,0.8846,5,0.6,15,1
000021,height_cut,0,Cyclist,Cyclist,4.2,1.59,331,249,0.7523,125,0.576,249,1
000021,height_cut,1,Car,Car,13.6,1.44,522,522,1.0,89,1.0,522,1
000021,height_cut,2,Car,Car,17.8,1.77,190,190,1.0,29,1.0,168,1
000021,height_cut,3,Van,Car,23.9,2.71,788,788,1.0,0,nan,712,1
000021,height_cut,4,Car,Car,26.5,1.45,153,153,1.0,13,1.0,139,1
000021,height_cut,5,Car,Car,26.9,1.73,98,98,1.0,4,1.0,69,1
000021,height_cut,6,Car,Car,32.6,1.78,49,49,1.0,0,nan,40,1
000021,height_cut,7,Car,Car,31.8,1.68,26,26,1.0,0,nan,18,1
000025,ransac,0,Car,Car,4.0,1.39,287,256,0.892,86,0.686,256,1
000025,ransac,1,Car,Car,10.7,1.47,506,501,0.9901,75,0.9333,500,1
000025,ransac,2,Car,Car,30.2,1.7,57,57,1.0,15,1.0,50,1
000025,ransac,3,Car,Car,17.9,1.59,212,182,0.8585,84,0.6429,174,1
000025,ransac,5,Car,Car,22.7,1.37,24,22,0.9167,7,0.7143,22,1
000025,height_cut,0,Car,Car,4.0,1.39,287,265,0.9233,78,0.7179,265,1
000025,height_cut,1,Car,Car,10.7,1.47,506,491,0.9704,88,0.8295,490,1
000025,height_cut,2,Car,Car,30.2,1.7,57,57,1.0,15,1.0,50,1
000025,height_cut,3,Car,Car,17.9,1.59,212,200,0.9434,65,0.8154,191,1
000025,height_cut,5,Car,Car,22.7,1.37,24,22,0.9167,7,0.7143,22,1
000031,ransac,0,Car,Car,12.6,1.65,548,493,0.8996,156,0.7436,492,1
000031,ransac,1,Car,Car,9.0,1.52,442,395,0.8937,157,0.7006,391,1
000031,ransac,2,Car,Car,13.5,1.53,324,312,0.963,86,0.8605,312,1
000031,ransac,3,Truck,Car,22.5,2.6,268,268,1.0,4,1.0,247,1
000031,ransac,4,Car,Car,26.5,1.46,122,122,1.0,18,1.0,109,1
000031,height_cut,0,Car,Car,12.6,1.65,548,509,0.9288,143,0.7273,508,1
000031,height_cut,1,Car,Car,9.0,1.52,442,396,0.8959,150,0.6933,392,1
000031,height_cut,2,Car,Car,13.5,1.53,324,311,0.9599,76,0.8289,311,1
000031,height_cut,3,Truck,Car,22.5,2.6,268,268,1.0,4,1.0,247,1
000031,height_cut,4,Car,Car,26.5,1.46,122,122,1.0,18,1.0,109,1
000032,ransac,0,Car,Car,9.7,1.46,644,571,0.8866,215,0.7442,571,1
000032,ransac,1,Car,Car,9.1,1.46,530,449,0.8472,186,0.7204,449,1
000032,ransac,2,Van,Car,14.8,2.05,543,506,0.9319,89,0.6966,502,1
000032,ransac,3,Car,Car,13.8,1.44,268,231,0.8619,86,0.6512,230,1
000032,ransac,4,Car,Car,20.2,1.42,58,53,0.9138,11,0.7273,52,1
000032,ransac,5,Van,Car,25.4,2.61,507,507,1.0,1,1.0,494,1
000032,ransac,6,Car,Car,25.8,1.75,67,67,1.0,0,nan,60,1
000032,ransac,8,Van,Car,41.1,2.66,148,148,1.0,0,nan,148,1
000032,height_cut,0,Car,Car,9.7,1.46,644,621,0.9643,143,0.8392,621,1
000032,height_cut,1,Car,Car,9.1,1.46,530,496,0.9358,124,0.7258,496,1
000032,height_cut,2,Van,Car,14.8,2.05,543,536,0.9871,40,0.825,532,1
000032,height_cut,3,Car,Car,13.8,1.44,268,266,0.9925,39,0.9487,265,1
000032,height_cut,4,Car,Car,20.2,1.42,58,58,1.0,5,1.0,57,1
000032,height_cut,5,Van,Car,25.4,2.61,507,507,1.0,0,nan,494,1
000032,height_cut,6,Car,Car,25.8,1.75,67,67,1.0,0,nan,60,1
000032,height_cut,8,Van,Car,41.1,2.66,148,148,1.0,0,nan,148,1
000043,ransac,0,Pedestrian,Pedestrian,12.8,1.53,93,82,0.8817,23,0.5217,82,1
000043,ransac,1,Pedestrian,Pedestrian,12.6,1.61,102,90,0.8824,26,0.5385,90,1
000043,ransac,2,Pedestrian,Pedestrian,20.6,1.89,71,62,0.8732,18,0.7222,62,1
000043,ransac,3,Pedestrian,Pedestrian,20.6,1.91,75,67,0.8933,16,0.75,67,1
000043,height_cut,0,Pedestrian,Pedestrian,12.8,1.53,93,93,1.0,13,1.0,93,1
000043,height_cut,1,Pedestrian,Pedestrian,12.6,1.61,102,102,1.0,13,1.0,102,1
000043,height_cut,2,Pedestrian,Pedestrian,20.6,1.89,71,71,1.0,6,1.0,71,1
000043,height_cut,3,Pedestrian,Pedestrian,20.6,1.91,75,75,1.0,7,1.0,75,1
000048,ransac,0,Pedestrian,Pedestrian,16.9,1.73,83,73,0.8795,18,0.6111,73,1
000048,ransac,1,Pedestrian,Pedestrian,17.2,1.81,87,73,0.8391,24,0.6667,73,1
000048,ransac,2,Pedestrian,Pedestrian,16.6,1.78,81,74,0.9136,14,0.5714,74,1
000048,ransac,3,Cyclist,Cyclist,30.4,1.81,40,30,0.75,12,0.5833,30,1
000048,height_cut,0,Pedestrian,Pedestrian,16.9,1.73,83,83,1.0,4,1.0,83,1
000048,height_cut,1,Pedestrian,Pedestrian,17.2,1.81,87,87,1.0,6,1.0,87,1
000048,height_cut,2,Pedestrian,Pedestrian,16.6,1.78,81,81,1.0,4,1.0,81,1
000048,height_cut,3,Cyclist,Cyclist,30.4,1.81,40,40,1.0,0,nan,40,1
000049,ransac,0,Car,Car,21.6,1.36,155,128,0.8258,61,0.6393,123,1
000049,ransac,1,Car,Car,14.3,1.4,579,468,0.8083,210,0.6714,466,1
000049,ransac,2,Car,Car,22.3,1.46,117,111,0.9487,32,0.8438,111,1
000049,ransac,3,Car,Car,25.2,1.43,71,61,0.8592,23,0.7826,61,1
000049,ransac,4,Car,Car,32.8,1.37,17,17,1.0,5,1.0,17,1
000049,ransac,6,Pedestrian,Pedestrian,5.5,1.54,163,144,0.8834,45,0.5778,144,1
000049,ransac,7,Car,Car,10.4,1.41,304,244,0.8026,142,0.6479,242,1
000049,ransac,8,Car,Car,15.4,1.36,309,274,0.8867,93,0.6989,274,1
000049,ransac,9,Car,Car,20.6,1.72,174,144,0.8276,43,0.7907,137,1
000049,ransac,10,Pedestrian,Pedestrian,32.8,1.61,41,30,0.7317,9,0.5556,30,1
000049,ransac,11,Car,Car,33.2,1.7,70,69,0.9857,6,0.8333,69,1
000049,ransac,12,Car,Car,14.4,1.41,260,240,0.9231,90,0.8,209,1
000049,ransac,13,Car,Car,19.0,1.44,256,215,0.8398,98,0.6122,215,1
000049,ransac,16,Van,Car,35.6,2.51,251,251,1.0,0,nan,162,1
000049,ransac,17,Car,Car,22.4,1.53,49,49,1.0,6,1.0,31,1
000049,height_cut,0,Car,Car,21.6,1.36,155,155,1.0,17,1.0,150,1
000049,height_cut,1,Car,Car,14.3,1.4,579,579,1.0,61,1.0,576,1
000049,height_cut,2,Car,Car,22.3,1.46,117,117,1.0,1,1.0,117,1
000049,height_cut,3,Car,Car,25.2,1.43,71,71,1.0,2,1.0,69,1
000049,height_cut,4,Car,Car,32.8,1.37,17,17,1.0,0,nan,17,1
000049,height_cut,6,Pedestrian,Pedestrian,5.5,1.54,163,144,0.8834,39,0.5128,144,1
000049,height_cut,7,Car,Car,10.4,1.41,304,281,0.9243,109,0.789,279,1
000049,height_cut,8,Car,Car,15.4,1.36,309,302,0.9773,56,0.875,302,1
000049,height_cut,9,Car,Car,20.6,1.72,174,159,0.9138,31,0.5161,152,1
000049,height_cut,10,Pedestrian,Pedestrian,32.8,1.61,41,41,1.0,7,1.0,41,1
000049,height_cut,11,Car,Car,33.2,1.7,70,70,1.0,1,1.0,70,1
000049,height_cut,12,Car,Car,14.4,1.41,260,260,1.0,2,1.0,220,1
000049,height_cut,13,Car,Car,19.0,1.44,256,256,1.0,3,1.0,256,1
000049,height_cut,16,Van,Car,35.6,2.51,251,251,1.0,0,nan,162,1
000049,height_cut,17,Car,Car,22.4,1.53,49,49,1.0,0,nan,31,1
000061,ransac,0,Van,Car,18.8,2.48,681,681,1.0,46,1.0,681,1
000061,ransac,1,Car,Car,14.7,1.44,261,192,0.7356,130,0.6231,185,1
000061,ransac,3,Car,Car,21.1,1.46,121,92,0.7603,53,0.6981,88,1
000061,height_cut,0,Van,Car,18.8,2.48,681,681,1.0,21,1.0,681,1
000061,height_cut,1,Car,Car,14.7,1.44,261,170,0.6513,129,0.5891,163,1
000061,height_cut,3,Car,Car,21.1,1.46,121,50,0.4132,45,0.6889,46,1
