frame,method,n_down,n_ground,n_obstacle_roi,n_clusters,n_flat_clusters,nearest_cluster_m
000001,ransac,63843,31524,9697,37,4,4.0
000001,height_cut,63843,30613,13223,44,5,4.12
000004,ransac,57488,27338,9811,83,7,7.89
000004,height_cut,57488,27648,11396,49,5,7.89
000007,ransac,70999,35996,10633,47,2,3.98
000007,height_cut,70999,38718,11217,56,5,3.98
000008,ransac,54664,15728,18222,49,8,3.22
000008,height_cut,54664,18625,18142,38,3,3.22
000009,ransac,64490,34847,9862,31,0,3.67
000009,height_cut,64490,32860,11996,46,6,3.67
000010,ransac,56979,21673,10296,57,6,3.99
000010,height_cut,56979,19554,12302,62,8,4.46
000011,ransac,42515,15086,11402,53,0,1.55
000011,height_cut,42515,12009,15068,57,8,1.55
000012,ransac,63472,39732,1973,36,1,5.56
000012,height_cut,63472,38427,1888,36,0,5.56
000015,ransac,48217,17418,15140,95,2,3.27
000015,height_cut,48217,14175,16075,79,2,3.27
000016,ransac,58490,35786,6075,31,6,3.91
000016,height_cut,58490,23824,14953,39,8,3.26
000019,ransac,53389,17291,12322,46,5,3.7
000019,height_cut,53389,17224,13584,31,2,3.7
000021,ransac,53218,17576,16060,40,1,2.22
000021,height_cut,53218,16530,20143,38,4,2.22
000023,ransac,64247,31872,9740,47,3,3.97
000023,height_cut,64247,30486,13558,41,8,4.31
000025,ransac,50537,12124,18603,34,2,1.81
000025,height_cut,50537,13741,18498,32,0,1.81
000031,ransac,50743,17176,15095,39,3,2.33
000031,height_cut,50743,16849,15582,37,3,2.33
000032,ransac,52409,15833,15396,58,4,5.0
000032,height_cut,52409,15141,16730,43,8,5.0
000043,ransac,46333,17139,12792,47,4,2.84
000043,height_cut,46333,14726,15657,48,7,2.84
000048,ransac,51503,12805,18902,108,5,1.49
000048,height_cut,51503,12918,20271,106,6,1.49
000049,ransac,49743,16310,14816,60,0,2.45
000049,height_cut,49743,14269,16835,72,4,2.45
000061,ransac,60146,21590,17310,29,3,8.59
000061,height_cut,60146,27089,15568,27,3,8.59
