frame,perturb,level,object_id,type,class_group,distance_m,height_m,pts_before,pts_after_ground,kept_ratio,low_pts_before,low_kept_ratio,best_cluster_pts,detected
000011,gaussian_noise,0.0,0,Pedestrian,Pedestrian,13.4,1.9,103,88,0.8544,34,0.5882,88,1
000011,gaussian_noise,0.0,1,Pedestrian,Pedestrian,14.5,1.87,24,14,0.5833,11,0.6364,8,0
000011,gaussian_noise,0.0,2,Car,Car,27.1,1.86,182,142,0.7802,49,0.7347,132,1
000011,gaussian_noise,0.0,3,Pedestrian,Pedestrian,34.2,1.78,39,35,0.8974,10,0.9,35,1
000011,gaussian_noise,0.0,4,Car,Car,6.6,1.5,927,742,0.8004,288,0.684,742,1
000011,gaussian_noise,0.0,5,Pedestrian,Pedestrian,17.8,1.54,60,53,0.8833,18,0.7778,53,1
000011,gaussian_noise,0.02,0,Pedestrian,Pedestrian,13.4,1.9,105,90,0.8571,35,0.5714,90,1
000011,gaussian_noise,0.02,1,Pedestrian,Pedestrian,14.5,1.87,27,15,0.5556,14,0.5,9,0
000011,gaussian_noise,0.02,2,Car,Car,27.1,1.86,179,146,0.8156,48,0.7917,145,1
000011,gaussian_noise,0.02,3,Pedestrian,Pedestrian,34.2,1.78,39,35,0.8974,9,0.5556,35,1
000011,gaussian_noise,0.02,4,Car,Car,6.6,1.5,1101,892,0.8102,393,0.5573,892,1
000011,gaussian_noise,0.02,5,Pedestrian,Pedestrian,17.8,1.54,64,57,0.8906,22,0.6818,57,1
000011,gaussian_noise,0.05,0,Pedestrian,Pedestrian,13.4,1.9,115,100,0.8696,36,0.5833,100,1
000011,gaussian_noise,0.05,1,Pedestrian,Pedestrian,14.5,1.87,25,12,0.48,16,0.375,8,0
000011,gaussian_noise,0.05,2,Car,Car,27.1,1.86,176,136,0.7727,53,0.6226,128,1
000011,gaussian_noise,0.05,3,Pedestrian,Pedestrian,34.2,1.78,36,32,0.8889,13,0.6923,32,1
000011,gaussian_noise,0.05,4,Car,Car,6.6,1.5,1395,1143,0.8194,454,0.5881,1143,1
000011,gaussian_noise,0.05,5,Pedestrian,Pedestrian,17.8,1.54,61,57,0.9344,15,0.8,57,1
000011,gaussian_noise,0.1,0,Pedestrian,Pedestrian,13.4,1.9,106,82,0.7736,35,0.4571,82,1
000011,gaussian_noise,0.1,1,Pedestrian,Pedestrian,14.5,1.87,23,8,0.3478,11,0.2727,5,0
000011,gaussian_noise,0.1,2,Car,Car,27.1,1.86,167,138,0.8263,49,0.4694,131,1
000011,gaussian_noise,0.1,3,Pedestrian,Pedestrian,34.2,1.78,35,32,0.9143,12,0.8333,32,1
000011,gaussian_noise,0.1,4,Car,Car,6.6,1.5,1635,1403,0.8581,517,0.5513,1403,1
000011,gaussian_noise,0.1,5,Pedestrian,Pedestrian,17.8,1.54,63,61,0.9683,18,0.8889,61,1
000011,random_dropout,1.0,0,Pedestrian,Pedestrian,13.4,1.9,103,88,0.8544,34,0.5882,88,1
000011,random_dropout,1.0,1,Pedestrian,Pedestrian,14.5,1.87,24,14,0.5833,11,0.6364,8,0
000011,random_dropout,1.0,2,Car,Car,27.1,1.86,182,142,0.7802,49,0.7347,132,1
000011,random_dropout,1.0,3,Pedestrian,Pedestrian,34.2,1.78,39,35,0.8974,10,0.9,35,1
000011,random_dropout,1.0,4,Car,Car,6.6,1.5,927,742,0.8004,288,0.684,742,1
000011,random_dropout,1.0,5,Pedestrian,Pedestrian,17.8,1.54,60,53,0.8833,18,0.7778,53,1
000011,random_dropout,0.7,0,Pedestrian,Pedestrian,13.4,1.9,74,65,0.8784,20,0.7,65,1
000011,random_dropout,0.7,1,Pedestrian,Pedestrian,14.5,1.87,20,11,0.55,9,0.5556,6,0
000011,random_dropout,0.7,2,Car,Car,27.1,1.86,145,114,0.7862,37,0.7568,63,1
000011,random_dropout,0.7,3,Pedestrian,Pedestrian,34.2,1.78,26,24,0.9231,5,1.0,24,1
000011,random_dropout,0.7,4,Car,Car,6.6,1.5,836,676,0.8086,253,0.7233,676,1
000011,random_dropout,0.7,5,Pedestrian,Pedestrian,17.8,1.54,43,39,0.907,12,0.75,39,1
000011,random_dropout,0.5,0,Pedestrian,Pedestrian,13.4,1.9,57,50,0.8772,15,0.6667,50,1
000011,random_dropout,0.5,1,Pedestrian,Pedestrian,14.5,1.87,19,8,0.4211,7,0.5714,5,0
000011,random_dropout,0.5,2,Car,Car,27.1,1.86,106,82,0.7736,26,0.7308,72,1
000011,random_dropout,0.5,3,Pedestrian,Pedestrian,34.2,1.78,19,18,0.9474,3,1.0,18,1
000011,random_dropout,0.5,4,Car,Car,6.6,1.5,725,605,0.8345,237,0.4937,605,1
000011,random_dropout,0.5,5,Pedestrian,Pedestrian,17.8,1.54,28,27,0.9643,3,0.6667,27,1
000011,random_dropout,0.3,0,Pedestrian,Pedestrian,13.4,1.9,37,30,0.8108,7,0.4286,30,1
000011,random_dropout,0.3,1,Pedestrian,Pedestrian,14.5,1.87,12,5,0.4167,3,0.6667,1,0
000011,random_dropout,0.3,2,Car,Car,27.1,1.86,66,50,0.7576,19,0.6842,27,1
000011,random_dropout,0.3,4,Car,Car,6.6,1.5,589,461,0.7827,168,0.7143,461,1
000011,random_dropout,0.3,5,Pedestrian,Pedestrian,17.8,1.54,17,17,1.0,4,1.0,17,1
000011,random_dropout,0.3,3,Pedestrian,Pedestrian,34.2,1.78,0,0,0.0,0,0.0,0,0
000015,gaussian_noise,0.0,0,Car,Car,4.9,1.57,1091,854,0.7828,363,0.6694,851,1
000015,gaussian_noise,0.0,1,Pedestrian,Pedestrian,9.0,1.81,144,120,0.8333,46,0.6087,120,1
000015,gaussian_noise,0.0,2,Pedestrian,Pedestrian,24.3,1.73,47,38,0.8085,16,0.6875,38,1
000015,gaussian_noise,0.0,3,Pedestrian,Pedestrian,24.4,1.81,64,52,0.8125,23,0.5652,52,1
000015,gaussian_noise,0.0,4,Pedestrian,Pedestrian,23.4,1.78,60,57,0.95,12,0.75,57,1
000015,gaussian_noise,0.02,0,Car,Car,4.9,1.57,1392,1176,0.8448,432,0.6273,1171,1
000015,gaussian_noise,0.02,1,Pedestrian,Pedestrian,9.0,1.81,158,140,0.8861,49,0.6327,140,1
000015,gaussian_noise,0.02,2,Pedestrian,Pedestrian,24.3,1.73,50,47,0.94,10,0.7,47,1
000015,gaussian_noise,0.02,3,Pedestrian,Pedestrian,24.4,1.81,64,61,0.9531,15,0.8,61,1
000015,gaussian_noise,0.02,4,Pedestrian,Pedestrian,23.4,1.78,57,57,1.0,6,1.0,57,1
000015,gaussian_noise,0.05,0,Car,Car,4.9,1.57,1777,1525,0.8582,560,0.6411,1521,1
000015,gaussian_noise,0.05,1,Pedestrian,Pedestrian,9.0,1.81,226,201,0.8894,67,0.6269,201,1
000015,gaussian_noise,0.05,2,Pedestrian,Pedestrian,24.3,1.73,51,47,0.9216,11,0.6364,47,1
000015,gaussian_noise,0.05,3,Pedestrian,Pedestrian,24.4,1.81,61,57,0.9344,14,0.7857,57,1
000015,gaussian_noise,0.05,4,Pedestrian,Pedestrian,23.4,1.78,64,62,0.9688,10,0.8,62,1
000015,gaussian_noise,0.1,0,Car,Car,4.9,1.57,2179,1793,0.8229,698,0.586,1793,1
000015,gaussian_noise,0.1,1,Pedestrian,Pedestrian,9.0,1.81,282,245,0.8688,92,0.5978,245,1
000015,gaussian_noise,0.1,2,Pedestrian,Pedestrian,24.3,1.73,57,49,0.8596,12,0.6667,49,1
000015,gaussian_noise,0.1,3,Pedestrian,Pedestrian,24.4,1.81,64,58,0.9062,13,0.6923,58,1
000015,gaussian_noise,0.1,4,Pedestrian,Pedestrian,23.4,1.78,61,58,0.9508,11,0.7273,58,1
000015,random_dropout,1.0,0,Car,Car,4.9,1.57,1091,854,0.7828,363,0.6694,851,1
000015,random_dropout,1.0,1,Pedestrian,Pedestrian,9.0,1.81,144,120,0.8333,46,0.6087,120,1
000015,random_dropout,1.0,2,Pedestrian,Pedestrian,24.3,1.73,47,38,0.8085,16,0.6875,38,1
000015,random_dropout,1.0,3,Pedestrian,Pedestrian,24.4,1.81,64,52,0.8125,23,0.5652,52,1
000015,random_dropout,1.0,4,Pedestrian,Pedestrian,23.4,1.78,60,57,0.95,12,0.75,57,1
000015,random_dropout,0.7,0,Car,Car,4.9,1.57,995,847,0.8513,280,0.7571,844,1
000015,random_dropout,0.7,1,Pedestrian,Pedestrian,9.0,1.81,121,108,0.8926,31,0.5806,108,1
000015,random_dropout,0.7,2,Pedestrian,Pedestrian,24.3,1.73,39,35,0.8974,10,0.6,35,1
000015,random_dropout,0.7,3,Pedestrian,Pedestrian,24.4,1.81,45,44,0.9778,7,0.8571,44,1
000015,random_dropout,0.7,4,Pedestrian,Pedestrian,23.4,1.78,46,46,1.0,2,1.0,46,1
000015,random_dropout,0.5,0,Car,Car,4.9,1.57,931,779,0.8367,269,0.7509,778,1
000015,random_dropout,0.5,1,Pedestrian,Pedestrian,9.0,1.81,103,93,0.9029,32,0.6875,93,1
000015,random_dropout,0.5,2,Pedestrian,Pedestrian,24.3,1.73,29,24,0.8276,4,0.75,24,1
000015,random_dropout,0.5,3,Pedestrian,Pedestrian,24.4,1.81,29,28,0.9655,8,0.875,28,1
000015,random_dropout,0.5,4,Pedestrian,Pedestrian,23.4,1.78,32,32,1.0,4,1.0,32,1
000015,random_dropout,0.3,0,Car,Car,4.9,1.57,763,665,0.8716,224,0.7366,664,1
000015,random_dropout,0.3,1,Pedestrian,Pedestrian,9.0,1.81,84,81,0.9643,23,0.8696,81,1
000015,random_dropout,0.3,2,Pedestrian,Pedestrian,24.3,1.73,15,14,0.9333,2,0.5,14,1
000015,random_dropout,0.3,3,Pedestrian,Pedestrian,24.4,1.81,15,15,1.0,3,1.0,15,1
000015,random_dropout,0.3,4,Pedestrian,Pedestrian,23.4,1.78,20,20,1.0,0,nan,20,1
000019,gaussian_noise,0.0,0,Truck,Car,6.3,2.6,1831,1749,0.9552,172,0.6105,1749,1
000019,gaussian_noise,0.0,1,Car,Car,10.1,1.46,517,403,0.7795,147,0.6939,402,1
000019,gaussian_noise,0.0,2,Van,Car,35.4,1.97,103,78,0.7573,30,0.4667,78,1
000019,gaussian_noise,0.02,0,Truck,Car,6.3,2.6,2179,2087,0.9578,223,0.5874,2087,1
000019,gaussian_noise,0.02,1,Car,Car,10.1,1.46,616,489,0.7938,175,0.6171,487,1
000019,gaussian_noise,0.02,2,Van,Car,35.4,1.97,101,92,0.9109,28,0.6786,91,1
000019,gaussian_noise,0.05,0,Truck,Car,6.3,2.6,2860,2649,0.9262,311,0.5852,2649,1
000019,gaussian_noise,0.05,1,Car,Car,10.1,1.46,720,555,0.7708,202,0.6881,554,1
000019,gaussian_noise,0.05,2,Van,Car,35.4,1.97,95,74,0.7789,37,0.6486,73,1
000019,gaussian_noise,0.1,0,Truck,Car,6.3,2.6,3775,3351,0.8877,569,0.4394,3350,1
000019,gaussian_noise,0.1,1,Car,Car,10.1,1.46,794,593,0.7469,254,0.6693,593,1
000019,gaussian_noise,0.1,2,Van,Car,35.4,1.97,96,73,0.7604,37,0.5946,73,1
000019,random_dropout,1.0,0,Truck,Car,6.3,2.6,1831,1749,0.9552,172,0.6105,1749,1
000019,random_dropout,1.0,1,Car,Car,10.1,1.46,517,403,0.7795,147,0.6939,402,1
000019,random_dropout,1.0,2,Van,Car,35.4,1.97,103,78,0.7573,30,0.4667,78,1
000019,random_dropout,0.7,0,Truck,Car,6.3,2.6,1652,1604,0.9709,147,0.7075,1604,1
000019,random_dropout,0.7,1,Car,Car,10.1,1.46,443,349,0.7878,118,0.7458,348,1
000019,random_dropout,0.7,2,Van,Car,35.4,1.97,75,67,0.8933,19,0.5789,66,1
000019,random_dropout,0.5,0,Truck,Car,6.3,2.6,1475,1392,0.9437,146,0.6096,1392,1
000019,random_dropout,0.5,1,Car,Car,10.1,1.46,369,275,0.7453,113,0.7345,274,1
000019,random_dropout,0.5,2,Van,Car,35.4,1.97,55,38,0.6909,19,0.5789,32,1
000019,random_dropout,0.3,0,Truck,Car,6.3,2.6,1188,1175,0.9891,82,0.8415,1175,1
000019,random_dropout,0.3,1,Car,Car,10.1,1.46,278,231,0.8309,62,0.7581,230,1
000019,random_dropout,0.3,2,Van,Car,35.4,1.97,38,32,0.8421,15,0.6,32,1
000004,gaussian_noise,0.0,0,Car,Car,41.4,1.49,77,55,0.7143,40,0.65,42,1
000004,gaussian_noise,0.02,0,Car,Car,41.4,1.49,76,46,0.6053,41,0.5122,44,1
000004,gaussian_noise,0.05,0,Car,Car,41.4,1.49,74,58,0.7838,34,0.6176,56,1
000004,gaussian_noise,0.1,0,Car,Car,41.4,1.49,66,49,0.7424,34,0.6176,47,1
000004,random_dropout,1.0,0,Car,Car,41.4,1.49,77,55,0.7143,40,0.65,42,1
000004,random_dropout,0.7,0,Car,Car,41.4,1.49,49,37,0.7551,21,0.6667,28,1
000004,random_dropout,0.5,0,Car,Car,41.4,1.49,35,23,0.6571,14,0.5714,20,1
000004,random_dropout,0.3,0,Car,Car,41.4,1.49,23,16,0.6957,9,0.6667,10,1
