frame,method,rep,warmup,n_points,n_down,n_obstacle,voxel_ms,ground_ms,dbscan_ms,total_ms,cpu,ram_gb,os,python
000011,ransac,0,1,108004,42515,11402,104.16,30.34,16.77,151.27,AMD Ryzen 5 5600H with Radeon Graphics,7.3,Windows-10-10.0.26200-SP0,3.11.9
000011,ransac,1,0,108004,42515,11402,85.39,35.79,14.2,135.38,AMD Ryzen 5 5600H with Radeon Graphics,7.3,Windows-10-10.0.26200-SP0,3.11.9
000011,ransac,2,0,108004,42515,11402,107.98,30.57,16.44,154.98,AMD Ryzen 5 5600H with Radeon Graphics,7.3,Windows-10-10.0.26200-SP0,3.11.9
000011,ransac,3,0,108004,42515,11402,140.78,31.28,14.89,186.94,AMD Ryzen 5 5600H with Radeon Graphics,7.3,Windows-10-10.0.26200-SP0,3.11.9
000011,ransac,4,0,108004,42515,11402,87.5,32.21,14.67,134.38,AMD Ryzen 5 5600H with Radeon Graphics,7.3,Windows-10-10.0.26200-SP0,3.11.9
000011,ransac,5,0,108004,42515,11402,110.7,31.18,15.8,157.68,AMD Ryzen 5 5600H with Radeon Graphics,7.3,Windows-10-10.0.26200-SP0,3.11.9
000011,ransac,6,0,108004,42515,11402,99.27,58.08,21.26,178.61,AMD Ryzen 5 5600H with Radeon Graphics,7.3,Windows-10-10.0.26200-SP0,3.11.9
000011,ransac,7,0,108004,42515,11402,93.45,31.48,15.88,140.81,AMD Ryzen 5 5600H with Radeon Graphics,7.3,Windows-10-10.0.26200-SP0,3.11.9
000011,ransac,8,0,108004,42515,11402,112.1,32.17,14.97,159.24,AMD Ryzen 5 5600H with Radeon Graphics,7.3,Windows-10-10.0.26200-SP0,3.11.9
000011,ransac,9,0,108004,42515,11402,91.71,30.37,16.94,139.02,AMD Ryzen 5 5600H with Radeon Graphics,7.3,Windows-10-10.0.26200-SP0,3.11.9
000011,ransac,10,0,108004,42515,11402,133.98,30.89,18.49,183.35,AMD Ryzen 5 5600H with Radeon Graphics,7.3,Windows-10-10.0.26200-SP0,3.11.9
000011,ransac,11,0,108004,42515,11402,156.4,31.84,15.25,203.49,AMD Ryzen 5 5600H with Radeon Graphics,7.3,Windows-10-10.0.26200-SP0,3.11.9
000011,ransac,12,0,108004,42515,11402,89.74,31.0,35.99,156.74,AMD Ryzen 5 5600H with Radeon Graphics,7.3,Windows-10-10.0.26200-SP0,3.11.9
000011,ransac,13,0,108004,42515,11402,91.34,29.9,15.33,136.57,AMD Ryzen 5 5600H with Radeon Graphics,7.3,Windows-10-10.0.26200-SP0,3.11.9
000011,ransac,14,0,108004,42515,11402,116.53,29.1,17.91,163.54,AMD Ryzen 5 5600H with Radeon Graphics,7.3,Windows-10-10.0.26200-SP0,3.11.9
000011,ransac,15,0,108004,42515,11402,92.03,29.21,14.72,135.96,AMD Ryzen 5 5600H with Radeon Graphics,7.3,Windows-10-10.0.26200-SP0,3.11.9
000011,ransac,16,0,108004,42515,11402,123.61,37.57,20.04,181.21,AMD Ryzen 5 5600H with Radeon Graphics,7.3,Windows-10-10.0.26200-SP0,3.11.9
000011,ransac,17,0,108004,42515,11402,166.78,31.05,16.23,214.06,AMD Ryzen 5 5600H with Radeon Graphics,7.3,Windows-10-10.0.26200-SP0,3.11.9
000011,ransac,18,0,108004,42515,11402,97.77,31.13,37.45,166.34,AMD Ryzen 5 5600H with Radeon Graphics,7.3,Windows-10-10.0.26200-SP0,3.11.9
000011,ransac,19,0,108004,42515,11402,122.56,35.8,19.19,177.54,AMD Ryzen 5 5600H with Radeon Graphics,7.3,Windows-10-10.0.26200-SP0,3.11.9
000011,ransac,20,0,108004,42515,11402,121.75,29.99,15.56,167.3,AMD Ryzen 5 5600H with Radeon Graphics,7.3,Windows-10-10.0.26200-SP0,3.11.9
000011,height_cut,0,1,108004,42515,15068,91.8,0.22,18.38,110.39,AMD Ryzen 5 5600H with Radeon Graphics,7.3,Windows-10-10.0.26200-SP0,3.11.9
000011,height_cut,1,0,108004,42515,15068,107.01,0.21,18.32,125.54,AMD Ryzen 5 5600H with Radeon Graphics,7.3,Windows-10-10.0.26200-SP0,3.11.9
000011,height_cut,2,0,108004,42515,15068,88.53,0.2,18.2,106.92,AMD Ryzen 5 5600H with Radeon Graphics,7.3,Windows-10-10.0.26200-SP0,3.11.9
000011,height_cut,3,0,108004,42515,15068,117.11,0.21,19.54,136.86,AMD Ryzen 5 5600H with Radeon Graphics,7.3,Windows-10-10.0.26200-SP0,3.11.9
000011,height_cut,4,0,108004,42515,15068,103.98,0.22,17.28,121.49,AMD Ryzen 5 5600H with Radeon Graphics,7.3,Windows-10-10.0.26200-SP0,3.11.9
000011,height_cut,5,0,108004,42515,15068,114.32,0.26,20.93,135.51,AMD Ryzen 5 5600H with Radeon Graphics,7.3,Windows-10-10.0.26200-SP0,3.11.9
000011,height_cut,6,0,108004,42515,15068,91.34,0.16,17.99,109.49,AMD Ryzen 5 5600H with Radeon Graphics,7.3,Windows-10-10.0.26200-SP0,3.11.9
000011,height_cut,7,0,108004,42515,15068,112.06,0.17,17.01,129.25,AMD Ryzen 5 5600H with Radeon Graphics,7.3,Windows-10-10.0.26200-SP0,3.11.9
000011,height_cut,8,0,108004,42515,15068,87.52,0.18,17.84,105.54,AMD Ryzen 5 5600H with Radeon Graphics,7.3,Windows-10-10.0.26200-SP0,3.11.9
000011,height_cut,9,0,108004,42515,15068,105.97,0.26,17.18,123.41,AMD Ryzen 5 5600H with Radeon Graphics,7.3,Windows-10-10.0.26200-SP0,3.11.9
000011,height_cut,10,0,108004,42515,15068,86.6,0.16,16.88,103.64,AMD Ryzen 5 5600H with Radeon Graphics,7.3,Windows-10-10.0.26200-SP0,3.11.9
000011,height_cut,11,0,108004,42515,15068,115.45,0.21,16.56,132.22,AMD Ryzen 5 5600H with Radeon Graphics,7.3,Windows-10-10.0.26200-SP0,3.11.9
000011,height_cut,12,0,108004,42515,15068,86.49,0.18,20.71,107.38,AMD Ryzen 5 5600H with Radeon Graphics,7.3,Windows-10-10.0.26200-SP0,3.11.9
000011,height_cut,13,0,108004,42515,15068,131.61,0.24,17.8,149.65,AMD Ryzen 5 5600H with Radeon Graphics,7.3,Windows-10-10.0.26200-SP0,3.11.9
000011,height_cut,14,0,108004,42515,15068,89.02,0.17,16.52,105.71,AMD Ryzen 5 5600H with Radeon Graphics,7.3,Windows-10-10.0.26200-SP0,3.11.9
000011,height_cut,15,0,108004,42515,15068,114.25,0.18,16.98,131.41,AMD Ryzen 5 5600H with Radeon Graphics,7.3,Windows-10-10.0.26200-SP0,3.11.9
000011,height_cut,16,0,108004,42515,15068,90.12,0.23,17.11,107.46,AMD Ryzen 5 5600H with Radeon Graphics,7.3,Windows-10-10.0.26200-SP0,3.11.9
000011,height_cut,17,0,108004,42515,15068,89.88,5.49,29.75,125.12,AMD Ryzen 5 5600H with Radeon Graphics,7.3,Windows-10-10.0.26200-SP0,3.11.9
000011,height_cut,18,0,108004,42515,15068,88.1,0.15,15.82,104.07,AMD Ryzen 5 5600H with Radeon Graphics,7.3,Windows-10-10.0.26200-SP0,3.11.9
000011,height_cut,19,0,108004,42515,15068,88.88,0.15,16.04,105.08,AMD Ryzen 5 5600H with Radeon Graphics,7.3,Windows-10-10.0.26200-SP0,3.11.9
000011,height_cut,20,0,108004,42515,15068,115.67,0.2,16.6,132.47,AMD Ryzen 5 5600H with Radeon Graphics,7.3,Windows-10-10.0.26200-SP0,3.11.9
000015,ransac,0,1,122583,48217,15140,102.06,59.32,21.65,183.03,AMD Ryzen 5 5600H with Radeon Graphics,7.3,Windows-10-10.0.26200-SP0,3.11.9
000015,ransac,1,0,122583,48217,15140,119.9,30.57,20.38,170.85,AMD Ryzen 5 5600H with Radeon Graphics,7.3,Windows-10-10.0.26200-SP0,3.11.9
000015,ransac,2,0,122583,48217,15140,140.49,31.83,20.89,193.21,AMD Ryzen 5 5600H with Radeon Graphics,7.3,Windows-10-10.0.26200-SP0,3.11.9
000015,ransac,3,0,122583,48217,15140,150.03,32.89,20.14,203.06,AMD Ryzen 5 5600H with Radeon Graphics,7.3,Windows-10-10.0.26200-SP0,3.11.9
000015,ransac,4,0,122583,48217,15140,100.22,61.85,19.5,181.58,AMD Ryzen 5 5600H with Radeon Graphics,7.3,Windows-10-10.0.26200-SP0,3.11.9
000015,ransac,5,0,122583,48217,15140,101.18,32.22,19.73,153.13,AMD Ryzen 5 5600H with Radeon Graphics,7.3,Windows-10-10.0.26200-SP0,3.11.9
000015,ransac,6,0,122583,48217,15140,112.38,35.04,20.08,167.49,AMD Ryzen 5 5600H with Radeon Graphics,7.3,Windows-10-10.0.26200-SP0,3.11.9
000015,ransac,7,0,122583,48217,15140,171.56,33.94,21.28,226.79,AMD Ryzen 5 5600H with Radeon Graphics,7.3,Windows-10-10.0.26200-SP0,3.11.9
000015,ransac,8,0,122583,48217,15140,109.96,32.18,42.94,185.08,AMD Ryzen 5 5600H with Radeon Graphics,7.3,Windows-10-10.0.26200-SP0,3.11.9
000015,ransac,9,0,122583,48217,15140,102.35,32.28,21.49,156.12,AMD Ryzen 5 5600H with Radeon Graphics,7.3,Windows-10-10.0.26200-SP0,3.11.9
000015,ransac,10,0,122583,48217,15140,119.33,33.9,18.83,172.06,AMD Ryzen 5 5600H with Radeon Graphics,7.3,Windows-10-10.0.26200-SP0,3.11.9
000015,ransac,11,0,122583,48217,15140,98.87,32.07,43.07,174.01,AMD Ryzen 5 5600H with Radeon Graphics,7.3,Windows-10-10.0.26200-SP0,3.11.9
000015,ransac,12,0,122583,48217,15140,98.86,32.36,18.81,150.03,AMD Ryzen 5 5600H with Radeon Graphics,7.3,Windows-10-10.0.26200-SP0,3.11.9
000015,ransac,13,0,122583,48217,15140,137.55,36.42,24.64,198.61,AMD Ryzen 5 5600H with Radeon Graphics,7.3,Windows-10-10.0.26200-SP0,3.11.9
000015,ransac,14,0,122583,48217,15140,114.58,57.4,19.18,191.16,AMD Ryzen 5 5600H with Radeon Graphics,7.3,Windows-10-10.0.26200-SP0,3.11.9
000015,ransac,15,0,122583,48217,15140,99.59,31.8,18.4,149.79,AMD Ryzen 5 5600H with Radeon Graphics,7.3,Windows-10-10.0.26200-SP0,3.11.9
000015,ransac,16,0,122583,48217,15140,122.78,32.92,19.56,175.25,AMD Ryzen 5 5600H with Radeon Graphics,7.3,Windows-10-10.0.26200-SP0,3.11.9
000015,ransac,17,0,122583,48217,15140,105.9,63.67,20.17,189.73,AMD Ryzen 5 5600H with Radeon Graphics,7.3,Windows-10-10.0.26200-SP0,3.11.9
000015,ransac,18,0,122583,48217,15140,104.93,34.9,19.07,158.9,AMD Ryzen 5 5600H with Radeon Graphics,7.3,Windows-10-10.0.26200-SP0,3.11.9
000015,ransac,19,0,122583,48217,15140,119.95,32.44,23.2,175.59,AMD Ryzen 5 5600H with Radeon Graphics,7.3,Windows-10-10.0.26200-SP0,3.11.9
000015,ransac,20,0,122583,48217,15140,150.77,32.79,19.14,202.7,AMD Ryzen 5 5600H with Radeon Graphics,7.3,Windows-10-10.0.26200-SP0,3.11.9
000015,height_cut,0,1,122583,48217,16075,99.66,0.26,20.63,120.55,AMD Ryzen 5 5600H with Radeon Graphics,7.3,Windows-10-10.0.26200-SP0,3.11.9
000015,height_cut,1,0,122583,48217,16075,128.18,0.37,21.55,150.1,AMD Ryzen 5 5600H with Radeon Graphics,7.3,Windows-10-10.0.26200-SP0,3.11.9
000015,height_cut,2,0,122583,48217,16075,96.46,0.39,39.66,136.51,AMD Ryzen 5 5600H with Radeon Graphics,7.3,Windows-10-10.0.26200-SP0,3.11.9
000015,height_cut,3,0,122583,48217,16075,98.06,0.27,20.7,119.02,AMD Ryzen 5 5600H with Radeon Graphics,7.3,Windows-10-10.0.26200-SP0,3.11.9
000015,height_cut,4,0,122583,48217,16075,107.48,0.23,49.74,157.45,AMD Ryzen 5 5600H with Radeon Graphics,7.3,Windows-10-10.0.26200-SP0,3.11.9
000015,height_cut,5,0,122583,48217,16075,97.67,0.18,20.22,118.07,AMD Ryzen 5 5600H with Radeon Graphics,7.3,Windows-10-10.0.26200-SP0,3.11.9
000015,height_cut,6,0,122583,48217,16075,119.76,0.2,23.25,143.21,AMD Ryzen 5 5600H with Radeon Graphics,7.3,Windows-10-10.0.26200-SP0,3.11.9
000015,height_cut,7,0,122583,48217,16075,125.07,0.16,20.43,145.65,AMD Ryzen 5 5600H with Radeon Graphics,7.3,Windows-10-10.0.26200-SP0,3.11.9
000015,height_cut,8,0,122583,48217,16075,127.54,0.23,20.76,148.53,AMD Ryzen 5 5600H with Radeon Graphics,7.3,Windows-10-10.0.26200-SP0,3.11.9
000015,height_cut,9,0,122583,48217,16075,111.86,0.19,21.73,133.78,AMD Ryzen 5 5600H with Radeon Graphics,7.3,Windows-10-10.0.26200-SP0,3.11.9
000015,height_cut,10,0,122583,48217,16075,121.97,0.24,20.37,142.58,AMD Ryzen 5 5600H with Radeon Graphics,7.3,Windows-10-10.0.26200-SP0,3.11.9
000015,height_cut,11,0,122583,48217,16075,105.52,0.22,21.52,127.26,AMD Ryzen 5 5600H with Radeon Graphics,7.3,Windows-10-10.0.26200-SP0,3.11.9
000015,height_cut,12,0,122583,48217,16075,131.0,0.23,21.76,152.99,AMD Ryzen 5 5600H with Radeon Graphics,7.3,Windows-10-10.0.26200-SP0,3.11.9
000015,height_cut,13,0,122583,48217,16075,102.69,6.7,32.22,141.6,AMD Ryzen 5 5600H with Radeon Graphics,7.3,Windows-10-10.0.26200-SP0,3.11.9
000015,height_cut,14,0,122583,48217,16075,105.03,0.23,24.09,129.35,AMD Ryzen 5 5600H with Radeon Graphics,7.3,Windows-10-10.0.26200-SP0,3.11.9
000015,height_cut,15,0,122583,48217,16075,150.57,0.22,20.22,171.0,AMD Ryzen 5 5600H with Radeon Graphics,7.3,Windows-10-10.0.26200-SP0,3.11.9
000015,height_cut,16,0,122583,48217,16075,99.1,0.34,20.53,119.97,AMD Ryzen 5 5600H with Radeon Graphics,7.3,Windows-10-10.0.26200-SP0,3.11.9
000015,height_cut,17,0,122583,48217,16075,115.68,0.25,20.48,136.41,AMD Ryzen 5 5600H with Radeon Graphics,7.3,Windows-10-10.0.26200-SP0,3.11.9
000015,height_cut,18,0,122583,48217,16075,100.22,0.3,21.42,121.94,AMD Ryzen 5 5600H with Radeon Graphics,7.3,Windows-10-10.0.26200-SP0,3.11.9
000015,height_cut,19,0,122583,48217,16075,124.62,0.25,20.64,145.51,AMD Ryzen 5 5600H with Radeon Graphics,7.3,Windows-10-10.0.26200-SP0,3.11.9
000015,height_cut,20,0,122583,48217,16075,99.92,0.23,21.17,121.32,AMD Ryzen 5 5600H with Radeon Graphics,7.3,Windows-10-10.0.26200-SP0,3.11.9
000019,ransac,0,1,115697,53389,12322,116.18,34.28,17.89,168.34,AMD Ryzen 5 5600H with Radeon Graphics,7.3,Windows-10-10.0.26200-SP0,3.11.9
000019,ransac,1,0,115697,53389,12322,126.97,40.15,21.17,188.29,AMD Ryzen 5 5600H with Radeon Graphics,7.3,Windows-10-10.0.26200-SP0,3.11.9
000019,ransac,2,0,115697,53389,12322,110.1,36.1,33.87,180.08,AMD Ryzen 5 5600H with Radeon Graphics,7.3,Windows-10-10.0.26200-SP0,3.11.9
000019,ransac,3,0,115697,53389,12322,93.61,34.22,19.98,147.82,AMD Ryzen 5 5600H with Radeon Graphics,7.3,Windows-10-10.0.26200-SP0,3.11.9
000019,ransac,4,0,115697,53389,12322,163.51,37.93,20.02,221.45,AMD Ryzen 5 5600H with Radeon Graphics,7.3,Windows-10-10.0.26200-SP0,3.11.9
000019,ransac,5,0,115697,53389,12322,107.35,65.32,18.13,190.8,AMD Ryzen 5 5600H with Radeon Graphics,7.3,Windows-10-10.0.26200-SP0,3.11.9
000019,ransac,6,0,115697,53389,12322,109.16,38.43,18.87,166.47,AMD Ryzen 5 5600H with Radeon Graphics,7.3,Windows-10-10.0.26200-SP0,3.11.9
000019,ransac,7,0,115697,53389,12322,146.49,42.51,21.89,210.89,AMD Ryzen 5 5600H with Radeon Graphics,7.3,Windows-10-10.0.26200-SP0,3.11.9
000019,ransac,8,0,115697,53389,12322,148.19,42.44,22.54,213.17,AMD Ryzen 5 5600H with Radeon Graphics,7.3,Windows-10-10.0.26200-SP0,3.11.9
000019,ransac,9,0,115697,53389,12322,148.54,31.05,18.1,197.69,AMD Ryzen 5 5600H with Radeon Graphics,7.3,Windows-10-10.0.26200-SP0,3.11.9
000019,ransac,10,0,115697,53389,12322,95.95,31.1,51.61,178.66,AMD Ryzen 5 5600H with Radeon Graphics,7.3,Windows-10-10.0.26200-SP0,3.11.9
000019,ransac,11,0,115697,53389,12322,102.28,29.23,17.43,148.93,AMD Ryzen 5 5600H with Radeon Graphics,7.3,Windows-10-10.0.26200-SP0,3.11.9
000019,ransac,12,0,115697,53389,12322,117.94,29.99,18.11,166.05,AMD Ryzen 5 5600H with Radeon Graphics,7.3,Windows-10-10.0.26200-SP0,3.11.9
000019,ransac,13,0,115697,53389,12322,97.08,30.52,17.75,145.35,AMD Ryzen 5 5600H with Radeon Graphics,7.3,Windows-10-10.0.26200-SP0,3.11.9
000019,ransac,14,0,115697,53389,12322,128.37,34.54,20.43,183.34,AMD Ryzen 5 5600H with Radeon Graphics,7.3,Windows-10-10.0.26200-SP0,3.11.9
000019,ransac,15,0,115697,53389,12322,126.04,29.93,17.84,173.81,AMD Ryzen 5 5600H with Radeon Graphics,7.3,Windows-10-10.0.26200-SP0,3.11.9
000019,ransac,16,0,115697,53389,12322,100.7,29.54,32.99,163.23,AMD Ryzen 5 5600H with Radeon Graphics,7.3,Windows-10-10.0.26200-SP0,3.11.9
000019,ransac,17,0,115697,53389,12322,102.35,30.36,19.31,152.01,AMD Ryzen 5 5600H with Radeon Graphics,7.3,Windows-10-10.0.26200-SP0,3.11.9
000019,ransac,18,0,115697,53389,12322,130.29,31.41,19.26,180.96,AMD Ryzen 5 5600H with Radeon Graphics,7.3,Windows-10-10.0.26200-SP0,3.11.9
000019,ransac,19,0,115697,53389,12322,100.39,31.74,28.5,160.63,AMD Ryzen 5 5600H with Radeon Graphics,7.3,Windows-10-10.0.26200-SP0,3.11.9
000019,ransac,20,0,115697,53389,12322,108.65,31.35,19.51,159.51,AMD Ryzen 5 5600H with Radeon Graphics,7.3,Windows-10-10.0.26200-SP0,3.11.9
000019,height_cut,0,1,115697,53389,13584,160.73,0.3,23.31,184.34,AMD Ryzen 5 5600H with Radeon Graphics,7.3,Windows-10-10.0.26200-SP0,3.11.9
000019,height_cut,1,0,115697,53389,13584,103.34,0.23,19.75,123.32,AMD Ryzen 5 5600H with Radeon Graphics,7.3,Windows-10-10.0.26200-SP0,3.11.9
000019,height_cut,2,0,115697,53389,13584,119.14,0.26,19.95,139.35,AMD Ryzen 5 5600H with Radeon Graphics,7.3,Windows-10-10.0.26200-SP0,3.11.9
000019,height_cut,3,0,115697,53389,13584,97.54,0.25,19.14,116.92,AMD Ryzen 5 5600H with Radeon Graphics,7.3,Windows-10-10.0.26200-SP0,3.11.9
000019,height_cut,4,0,115697,53389,13584,115.29,0.17,20.5,135.96,AMD Ryzen 5 5600H with Radeon Graphics,7.3,Windows-10-10.0.26200-SP0,3.11.9
000019,height_cut,5,0,115697,53389,13584,94.87,0.25,19.23,114.35,AMD Ryzen 5 5600H with Radeon Graphics,7.3,Windows-10-10.0.26200-SP0,3.11.9
000019,height_cut,6,0,115697,53389,13584,112.64,0.22,20.74,133.6,AMD Ryzen 5 5600H with Radeon Graphics,7.3,Windows-10-10.0.26200-SP0,3.11.9
000019,height_cut,7,0,115697,53389,13584,95.53,0.16,21.33,117.02,AMD Ryzen 5 5600H with Radeon Graphics,7.3,Windows-10-10.0.26200-SP0,3.11.9
000019,height_cut,8,0,115697,53389,13584,131.4,0.16,22.64,154.21,AMD Ryzen 5 5600H with Radeon Graphics,7.3,Windows-10-10.0.26200-SP0,3.11.9
000019,height_cut,9,0,115697,53389,13584,103.72,0.37,41.75,145.84,AMD Ryzen 5 5600H with Radeon Graphics,7.3,Windows-10-10.0.26200-SP0,3.11.9
000019,height_cut,10,0,115697,53389,13584,96.63,0.46,19.64,116.73,AMD Ryzen 5 5600H with Radeon Graphics,7.3,Windows-10-10.0.26200-SP0,3.11.9
000019,height_cut,11,0,115697,53389,13584,93.26,0.27,45.1,138.64,AMD Ryzen 5 5600H with Radeon Graphics,7.3,Windows-10-10.0.26200-SP0,3.11.9
000019,height_cut,12,0,115697,53389,13584,96.29,0.16,19.08,115.52,AMD Ryzen 5 5600H with Radeon Graphics,7.3,Windows-10-10.0.26200-SP0,3.11.9
000019,height_cut,13,0,115697,53389,13584,93.93,0.36,40.26,134.55,AMD Ryzen 5 5600H with Radeon Graphics,7.3,Windows-10-10.0.26200-SP0,3.11.9
000019,height_cut,14,0,115697,53389,13584,95.84,0.2,19.71,115.74,AMD Ryzen 5 5600H with Radeon Graphics,7.3,Windows-10-10.0.26200-SP0,3.11.9
000019,height_cut,15,0,115697,53389,13584,96.22,0.17,37.39,133.77,AMD Ryzen 5 5600H with Radeon Graphics,7.3,Windows-10-10.0.26200-SP0,3.11.9
000019,height_cut,16,0,115697,53389,13584,96.92,0.28,18.88,116.07,AMD Ryzen 5 5600H with Radeon Graphics,7.3,Windows-10-10.0.26200-SP0,3.11.9
000019,height_cut,17,0,115697,53389,13584,130.07,0.19,22.72,152.98,AMD Ryzen 5 5600H with Radeon Graphics,7.3,Windows-10-10.0.26200-SP0,3.11.9
000019,height_cut,18,0,115697,53389,13584,94.57,0.2,20.18,114.94,AMD Ryzen 5 5600H with Radeon Graphics,7.3,Windows-10-10.0.26200-SP0,3.11.9
000019,height_cut,19,0,115697,53389,13584,128.57,0.34,19.61,148.51,AMD Ryzen 5 5600H with Radeon Graphics,7.3,Windows-10-10.0.26200-SP0,3.11.9
000019,height_cut,20,0,115697,53389,13584,92.97,0.28,18.9,112.16,AMD Ryzen 5 5600H with Radeon Graphics,7.3,Windows-10-10.0.26200-SP0,3.11.9
000004,ransac,0,1,115976,57488,9811,117.24,30.57,9.56,157.37,AMD Ryzen 5 5600H with Radeon Graphics,7.3,Windows-10-10.0.26200-SP0,3.11.9
000004,ransac,1,0,115976,57488,9811,109.74,32.93,10.34,153.01,AMD Ryzen 5 5600H with Radeon Graphics,7.3,Windows-10-10.0.26200-SP0,3.11.9
000004,ransac,2,0,115976,57488,9811,144.59,35.26,11.58,191.43,AMD Ryzen 5 5600H with Radeon Graphics,7.3,Windows-10-10.0.26200-SP0,3.11.9
000004,ransac,3,0,115976,57488,9811,122.83,34.53,11.93,169.28,AMD Ryzen 5 5600H with Radeon Graphics,7.3,Windows-10-10.0.26200-SP0,3.11.9
000004,ransac,4,0,115976,57488,9811,114.95,29.84,9.36,154.16,AMD Ryzen 5 5600H with Radeon Graphics,7.3,Windows-10-10.0.26200-SP0,3.11.9
000004,ransac,5,0,115976,57488,9811,122.68,29.52,9.56,161.76,AMD Ryzen 5 5600H with Radeon Graphics,7.3,Windows-10-10.0.26200-SP0,3.11.9
000004,ransac,6,0,115976,57488,9811,97.53,55.11,9.62,162.26,AMD Ryzen 5 5600H with Radeon Graphics,7.3,Windows-10-10.0.26200-SP0,3.11.9
000004,ransac,7,0,115976,57488,9811,95.73,33.39,9.61,138.72,AMD Ryzen 5 5600H with Radeon Graphics,7.3,Windows-10-10.0.26200-SP0,3.11.9
000004,ransac,8,0,115976,57488,9811,114.34,31.23,9.11,154.68,AMD Ryzen 5 5600H with Radeon Graphics,7.3,Windows-10-10.0.26200-SP0,3.11.9
000004,ransac,9,0,115976,57488,9811,96.73,30.99,9.66,137.39,AMD Ryzen 5 5600H with Radeon Graphics,7.3,Windows-10-10.0.26200-SP0,3.11.9
000004,ransac,10,0,115976,57488,9811,119.06,31.99,9.82,160.87,AMD Ryzen 5 5600H with Radeon Graphics,7.3,Windows-10-10.0.26200-SP0,3.11.9
000004,ransac,11,0,115976,57488,9811,166.97,32.67,9.41,209.05,AMD Ryzen 5 5600H with Radeon Graphics,7.3,Windows-10-10.0.26200-SP0,3.11.9
000004,ransac,12,0,115976,57488,9811,103.08,30.81,9.66,143.55,AMD Ryzen 5 5600H with Radeon Graphics,7.3,Windows-10-10.0.26200-SP0,3.11.9
000004,ransac,13,0,115976,57488,9811,119.37,33.02,9.6,161.99,AMD Ryzen 5 5600H with Radeon Graphics,7.3,Windows-10-10.0.26200-SP0,3.11.9
000004,ransac,14,0,115976,57488,9811,137.9,32.68,9.25,179.83,AMD Ryzen 5 5600H with Radeon Graphics,7.3,Windows-10-10.0.26200-SP0,3.11.9
000004,ransac,15,0,115976,57488,9811,102.86,31.33,9.73,143.92,AMD Ryzen 5 5600H with Radeon Graphics,7.3,Windows-10-10.0.26200-SP0,3.11.9
000004,ransac,16,0,115976,57488,9811,124.32,31.46,9.81,165.59,AMD Ryzen 5 5600H with Radeon Graphics,7.3,Windows-10-10.0.26200-SP0,3.11.9
000004,ransac,17,0,115976,57488,9811,98.51,57.81,11.74,168.06,AMD Ryzen 5 5600H with Radeon Graphics,7.3,Windows-10-10.0.26200-SP0,3.11.9
000004,ransac,18,0,115976,57488,9811,133.56,30.46,9.72,173.73,AMD Ryzen 5 5600H with Radeon Graphics,7.3,Windows-10-10.0.26200-SP0,3.11.9
000004,ransac,19,0,115976,57488,9811,122.68,31.74,9.8,164.22,AMD Ryzen 5 5600H with Radeon Graphics,7.3,Windows-10-10.0.26200-SP0,3.11.9
000004,ransac,20,0,115976,57488,9811,123.86,31.54,10.1,165.51,AMD Ryzen 5 5600H with Radeon Graphics,7.3,Windows-10-10.0.26200-SP0,3.11.9
000004,height_cut,0,1,115976,57488,11396,109.59,0.22,14.25,124.06,AMD Ryzen 5 5600H with Radeon Graphics,7.3,Windows-10-10.0.26200-SP0,3.11.9
000004,height_cut,1,0,115976,57488,11396,133.01,0.28,11.91,145.2,AMD Ryzen 5 5600H with Radeon Graphics,7.3,Windows-10-10.0.26200-SP0,3.11.9
000004,height_cut,2,0,115976,57488,11396,101.66,0.25,11.51,113.42,AMD Ryzen 5 5600H with Radeon Graphics,7.3,Windows-10-10.0.26200-SP0,3.11.9
000004,height_cut,3,0,115976,57488,11396,125.31,0.3,13.18,138.79,AMD Ryzen 5 5600H with Radeon Graphics,7.3,Windows-10-10.0.26200-SP0,3.11.9
000004,height_cut,4,0,115976,57488,11396,107.18,0.48,14.2,121.86,AMD Ryzen 5 5600H with Radeon Graphics,7.3,Windows-10-10.0.26200-SP0,3.11.9
000004,height_cut,5,0,115976,57488,11396,137.05,0.26,11.73,149.04,AMD Ryzen 5 5600H with Radeon Graphics,7.3,Windows-10-10.0.26200-SP0,3.11.9
000004,height_cut,6,0,115976,57488,11396,98.51,0.42,11.72,110.65,AMD Ryzen 5 5600H with Radeon Graphics,7.3,Windows-10-10.0.26200-SP0,3.11.9
000004,height_cut,7,0,115976,57488,11396,113.13,0.24,11.24,124.61,AMD Ryzen 5 5600H with Radeon Graphics,7.3,Windows-10-10.0.26200-SP0,3.11.9
000004,height_cut,8,0,115976,57488,11396,97.54,0.28,10.83,108.64,AMD Ryzen 5 5600H with Radeon Graphics,7.3,Windows-10-10.0.26200-SP0,3.11.9
000004,height_cut,9,0,115976,57488,11396,121.23,0.25,12.04,133.52,AMD Ryzen 5 5600H with Radeon Graphics,7.3,Windows-10-10.0.26200-SP0,3.11.9
000004,height_cut,10,0,115976,57488,11396,95.38,0.18,10.86,106.43,AMD Ryzen 5 5600H with Radeon Graphics,7.3,Windows-10-10.0.26200-SP0,3.11.9
000004,height_cut,11,0,115976,57488,11396,116.49,0.29,11.55,128.33,AMD Ryzen 5 5600H with Radeon Graphics,7.3,Windows-10-10.0.26200-SP0,3.11.9
000004,height_cut,12,0,115976,57488,11396,96.76,0.18,10.98,107.91,AMD Ryzen 5 5600H with Radeon Graphics,7.3,Windows-10-10.0.26200-SP0,3.11.9
000004,height_cut,13,0,115976,57488,11396,162.97,0.3,14.27,177.54,AMD Ryzen 5 5600H with Radeon Graphics,7.3,Windows-10-10.0.26200-SP0,3.11.9
000004,height_cut,14,0,115976,57488,11396,130.35,0.3,23.45,154.1,AMD Ryzen 5 5600H with Radeon Graphics,7.3,Windows-10-10.0.26200-SP0,3.11.9
000004,height_cut,15,0,115976,57488,11396,116.4,0.29,13.69,130.39,AMD Ryzen 5 5600H with Radeon Graphics,7.3,Windows-10-10.0.26200-SP0,3.11.9
000004,height_cut,16,0,115976,57488,11396,105.76,0.29,39.16,145.22,AMD Ryzen 5 5600H with Radeon Graphics,7.3,Windows-10-10.0.26200-SP0,3.11.9
000004,height_cut,17,0,115976,57488,11396,99.87,0.28,11.58,111.73,AMD Ryzen 5 5600H with Radeon Graphics,7.3,Windows-10-10.0.26200-SP0,3.11.9
000004,height_cut,18,0,115976,57488,11396,98.26,0.28,32.67,131.21,AMD Ryzen 5 5600H with Radeon Graphics,7.3,Windows-10-10.0.26200-SP0,3.11.9
000004,height_cut,19,0,115976,57488,11396,97.84,0.22,11.08,109.14,AMD Ryzen 5 5600H with Radeon Graphics,7.3,Windows-10-10.0.26200-SP0,3.11.9
000004,height_cut,20,0,115976,57488,11396,97.73,0.28,11.23,109.24,AMD Ryzen 5 5600H with Radeon Graphics,7.3,Windows-10-10.0.26200-SP0,3.11.9
