frame,perturb,level,n_down,n_ground,n_obstacle_roi,n_clusters,n_flat_clusters,nearest_cluster_m
000011,gaussian_noise,0.0,42515,15086,11402,53,0,1.55
000011,gaussian_noise,0.02,49468,19259,12750,53,0,1.58
000011,gaussian_noise,0.05,61920,26256,15106,56,0,1.55
000011,gaussian_noise,0.1,75506,29286,20405,63,0,1.5
000011,random_dropout,1.0,42515,15086,11402,53,0,1.55
000011,random_dropout,0.7,35349,13136,9391,54,1,1.55
000011,random_dropout,0.5,29113,11039,7695,44,0,1.55
000011,random_dropout,0.3,20917,8464,5319,35,0,1.55
000015,gaussian_noise,0.0,48217,17418,15140,95,2,3.27
000015,gaussian_noise,0.02,55925,22332,16707,81,2,3.28
000015,gaussian_noise,0.05,70353,30614,20084,82,0,3.3
000015,gaussian_noise,0.1,85917,34773,25877,69,1,3.22
000015,random_dropout,1.0,48217,17418,15140,95,2,3.27
000015,random_dropout,0.7,40132,15001,12641,76,2,3.27
000015,random_dropout,0.5,33258,13031,10104,69,1,3.27
000015,random_dropout,0.3,24064,9798,7410,65,0,3.27
000019,gaussian_noise,0.0,53389,17291,12322,46,5,3.7
000019,gaussian_noise,0.02,59800,20270,13720,35,2,3.7
000019,gaussian_noise,0.05,71901,26432,16979,47,4,3.72
000019,gaussian_noise,0.1,84515,30192,21623,53,2,3.48
000019,random_dropout,1.0,53389,17291,12322,46,5,3.7
000019,random_dropout,0.7,43025,13380,10174,39,1,3.7
000019,random_dropout,0.5,34529,11695,8739,55,6,3.78
000019,random_dropout,0.3,24117,8199,6372,28,0,3.78
000004,gaussian_noise,0.0,57488,27338,9811,83,7,7.89
000004,gaussian_noise,0.02,65059,33932,9922,69,2,4.81
000004,gaussian_noise,0.05,78329,44047,11373,57,2,3.94
000004,gaussian_noise,0.1,91318,49329,15017,50,0,3.8
000004,random_dropout,1.0,57488,27338,9811,83,7,7.89
000004,random_dropout,0.7,45971,23568,7277,69,1,7.89
000004,random_dropout,0.5,36791,20054,5411,49,0,7.91
000004,random_dropout,0.3,25486,14804,3471,44,0,7.91
