dataset,frame,sweep,voxel,dist_thr,eps,n_down,n_ground,n_obstacle_roi,n_clusters,n_flat_clusters,nearest_cluster_m,n_objects,detected_ratio,mean_kept_ratio,mean_low_kept_ratio
kitti_mini,000011,dist_thr,0.1,0.1,0.5,42515,13344,12662,68,6,1.55,6,1.0,0.8576,0.8242
kitti_mini,000011,dist_thr,0.1,0.2,0.5,42515,15086,11402,53,0,1.55,6,0.8333,0.7998,0.7202
kitti_mini,000011,dist_thr,0.1,0.3,0.5,42515,16576,10868,54,3,1.55,6,0.8333,0.6925,0.4128
kitti_mini,000011,dist_thr,0.1,0.4,0.5,42515,17706,10263,48,0,1.55,6,0.8333,0.6461,0.2665
kitti_mini,000011,eps,0.1,0.1,0.3,42515,13344,12662,90,5,1.55,6,0.8333,0.8576,0.8242
kitti_mini,000011,eps,0.1,0.1,0.8,42515,13344,12662,52,6,1.55,6,1.0,0.8576,0.8242
kitti_mini,000015,dist_thr,0.1,0.1,0.5,48217,13402,16690,92,2,3.27,5,1.0,0.947,0.9554
kitti_mini,000015,dist_thr,0.1,0.2,0.5,48217,17418,15140,95,2,3.27,5,1.0,0.8374,0.6562
kitti_mini,000015,dist_thr,0.1,0.3,0.5,48217,19779,13819,84,2,3.27,5,1.0,0.7542,0.4516
kitti_mini,000015,dist_thr,0.1,0.4,0.5,48217,21262,13091,81,2,3.46,5,1.0,0.7044,0.3032
kitti_mini,000015,eps,0.1,0.1,0.3,48217,13402,16690,131,2,3.27,5,1.0,0.947,0.9554
kitti_mini,000015,eps,0.1,0.1,0.8,48217,13402,16690,60,0,3.27,5,1.0,0.947,0.9554
kitti_mini,000019,dist_thr,0.1,0.1,0.5,53389,10335,16057,45,6,3.7,3,1.0,0.9346,0.7621
kitti_mini,000019,dist_thr,0.1,0.2,0.5,53389,17291,12322,46,5,3.7,3,1.0,0.8307,0.5904
kitti_mini,000019,dist_thr,0.1,0.3,0.5,53389,20775,10738,33,0,3.7,3,1.0,0.7729,0.429
kitti_mini,000019,dist_thr,0.1,0.4,0.5,53389,23271,10054,44,7,3.7,3,1.0,0.6542,0.2876
kitti_mini,000019,eps,0.1,0.1,0.3,53389,10335,16057,66,13,3.7,3,1.0,0.9346,0.7621
kitti_mini,000019,eps,0.1,0.1,0.8,53389,10335,16057,27,4,3.7,3,1.0,0.9346,0.7621
kitti_mini,000004,dist_thr,0.1,0.1,0.5,57488,20109,11719,54,2,4.02,1,1.0,0.8571,1.0
kitti_mini,000004,dist_thr,0.1,0.2,0.5,57488,27338,9811,83,7,7.89,1,1.0,0.7143,0.65
kitti_mini,000004,dist_thr,0.1,0.3,0.5,57488,30575,7799,65,4,7.89,1,1.0,0.4805,0.4615
kitti_mini,000004,dist_thr,0.1,0.4,0.5,57488,33371,6744,57,2,7.89,1,1.0,0.8312,0.381
kitti_mini,000004,eps,0.1,0.1,0.3,57488,20109,11719,111,2,4.02,1,1.0,0.8571,1.0
kitti_mini,000004,eps,0.1,0.1,0.8,57488,20109,11719,22,2,4.02,1,1.0,0.8571,1.0
