dataset,frame,sweep,voxel,dist_thr,eps,reps,p50_ms,p95_ms
kitti_mini,000011,dist_thr,0.1,0.1,0.5,20,147.1,172.1
kitti_mini,000011,dist_thr,0.1,0.2,0.5,20,139.4,176.6
kitti_mini,000011,dist_thr,0.1,0.3,0.5,20,143.5,154.0
kitti_mini,000011,dist_thr,0.1,0.4,0.5,20,127.8,143.8
kitti_mini,000011,eps,0.1,0.1,0.3,20,126.8,144.3
kitti_mini,000011,eps,0.1,0.1,0.8,20,147.1,162.8
kitti_mini,000015,dist_thr,0.1,0.1,0.5,20,159.9,191.0
kitti_mini,000015,dist_thr,0.1,0.2,0.5,20,179.5,285.4
kitti_mini,000015,dist_thr,0.1,0.3,0.5,20,292.2,433.5
kitti_mini,000015,dist_thr,0.1,0.4,0.5,20,285.2,352.5
kitti_mini,000015,eps,0.1,0.1,0.3,20,206.2,249.9
kitti_mini,000015,eps,0.1,0.1,0.8,20,269.5,389.2
kitti_mini,000019,dist_thr,0.1,0.1,0.5,20,254.1,278.3
kitti_mini,000019,dist_thr,0.1,0.2,0.5,20,182.8,264.5
kitti_mini,000019,dist_thr,0.1,0.3,0.5,20,181.9,207.7
kitti_mini,000019,dist_thr,0.1,0.4,0.5,20,183.7,210.9
kitti_mini,000019,eps,0.1,0.1,0.3,20,173.0,202.3
kitti_mini,000019,eps,0.1,0.1,0.8,20,204.3,252.8
kitti_mini,000004,dist_thr,0.1,0.1,0.5,20,167.5,197.6
kitti_mini,000004,dist_thr,0.1,0.2,0.5,20,168.9,196.7
kitti_mini,000004,dist_thr,0.1,0.3,0.5,20,172.5,186.7
kitti_mini,000004,dist_thr,0.1,0.4,0.5,20,169.0,188.2
kitti_mini,000004,eps,0.1,0.1,0.3,20,162.2,193.2
kitti_mini,000004,eps,0.1,0.1,0.8,20,186.8,215.1
