dataset,frame,sweep,voxel,dist_thr,eps,object_id,type,class_group,distance_m,height_m,pts_before,pts_after_ground,kept_ratio,low_pts_before,low_kept_ratio,best_cluster_pts,detected
kitti_mini,000011,dist_thr,0.1,0.1,0.5,0,Pedestrian,Pedestrian,13.4,1.9,103,94,0.9126,34,0.7647,94,1
kitti_mini,000011,dist_thr,0.1,0.1,0.5,1,Pedestrian,Pedestrian,14.5,1.87,24,16,0.6667,11,0.8182,10,1
kitti_mini,000011,dist_thr,0.1,0.1,0.5,2,Car,Car,27.1,1.86,182,169,0.9286,49,0.8163,148,1
kitti_mini,000011,dist_thr,0.1,0.1,0.5,3,Pedestrian,Pedestrian,34.2,1.78,39,35,0.8974,10,0.9,35,1
kitti_mini,000011,dist_thr,0.1,0.1,0.5,4,Car,Car,6.6,1.5,927,779,0.8403,288,0.8125,779,1
kitti_mini,000011,dist_thr,0.1,0.1,0.5,5,Pedestrian,Pedestrian,17.8,1.54,60,54,0.9,18,0.8333,54,1
kitti_mini,000011,dist_thr,0.1,0.2,0.5,0,Pedestrian,Pedestrian,13.4,1.9,103,88,0.8544,34,0.5882,88,1
kitti_mini,000011,dist_thr,0.1,0.2,0.5,1,Pedestrian,Pedestrian,14.5,1.87,24,14,0.5833,11,0.6364,8,0
kitti_mini,000011,dist_thr,0.1,0.2,0.5,2,Car,Car,27.1,1.86,182,142,0.7802,49,0.7347,132,1
kitti_mini,000011,dist_thr,0.1,0.2,0.5,3,Pedestrian,Pedestrian,34.2,1.78,39,35,0.8974,10,0.9,35,1
kitti_mini,000011,dist_thr,0.1,0.2,0.5,4,Car,Car,6.6,1.5,927,742,0.8004,288,0.684,742,1
kitti_mini,000011,dist_thr,0.1,0.2,0.5,5,Pedestrian,Pedestrian,17.8,1.54,60,53,0.8833,18,0.7778,53,1
kitti_mini,000011,dist_thr,0.1,0.3,0.5,0,Pedestrian,Pedestrian,13.4,1.9,103,75,0.7282,31,0.3548,75,1
kitti_mini,000011,dist_thr,0.1,0.3,0.5,1,Pedestrian,Pedestrian,14.5,1.87,24,9,0.375,9,0.2222,6,0
kitti_mini,000011,dist_thr,0.1,0.3,0.5,2,Car,Car,27.1,1.86,182,129,0.7088,48,0.4167,119,1
kitti_mini,000011,dist_thr,0.1,0.3,0.5,3,Pedestrian,Pedestrian,34.2,1.78,39,31,0.7949,13,0.3846,31,1
kitti_mini,000011,dist_thr,0.1,0.3,0.5,4,Car,Car,6.6,1.5,927,647,0.698,279,0.4982,647,1
kitti_mini,000011,dist_thr,0.1,0.3,0.5,5,Pedestrian,Pedestrian,17.8,1.54,60,51,0.85,20,0.6,51,1
kitti_mini,000011,dist_thr,0.1,0.4,0.5,0,Pedestrian,Pedestrian,13.4,1.9,103,71,0.6893,31,0.2258,71,1
kitti_mini,000011,dist_thr,0.1,0.4,0.5,1,Pedestrian,Pedestrian,14.5,1.87,24,8,0.3333,9,0.1111,6,0
kitti_mini,000011,dist_thr,0.1,0.4,0.5,2,Car,Car,27.1,1.86,182,124,0.6813,48,0.3125,115,1
kitti_mini,000011,dist_thr,0.1,0.4,0.5,3,Pedestrian,Pedestrian,34.2,1.78,39,31,0.7949,13,0.3846,31,1
kitti_mini,000011,dist_thr,0.1,0.4,0.5,4,Car,Car,6.6,1.5,927,582,0.6278,279,0.2652,582,1
kitti_mini,000011,dist_thr,0.1,0.4,0.5,5,Pedestrian,Pedestrian,17.8,1.54,60,45,0.75,20,0.3,45,1
kitti_mini,000011,eps,0.1,0.1,0.3,0,Pedestrian,Pedestrian,13.4,1.9,103,94,0.9126,34,0.7647,94,1
kitti_mini,000011,eps,0.1,0.1,0.3,1,Pedestrian,Pedestrian,14.5,1.87,24,16,0.6667,11,0.8182,9,0
kitti_mini,000011,eps,0.1,0.1,0.3,2,Car,Car,27.1,1.86,182,169,0.9286,49,0.8163,80,1
kitti_mini,000011,eps,0.1,0.1,0.3,3,Pedestrian,Pedestrian,34.2,1.78,39,35,0.8974,10,0.9,34,1
kitti_mini,000011,eps,0.1,0.1,0.3,4,Car,Car,6.6,1.5,927,779,0.8403,288,0.8125,779,1
kitti_mini,000011,eps,0.1,0.1,0.3,5,Pedestrian,Pedestrian,17.8,1.54,60,54,0.9,18,0.8333,54,1
kitti_mini,000011,eps,0.1,0.1,0.8,0,Pedestrian,Pedestrian,13.4,1.9,103,94,0.9126,34,0.7647,94,1
kitti_mini,000011,eps,0.1,0.1,0.8,1,Pedestrian,Pedestrian,14.5,1.87,24,16,0.6667,11,0.8182,16,1
kitti_mini,000011,eps,0.1,0.1,0.8,2,Car,Car,27.1,1.86,182,169,0.9286,49,0.8163,169,1
kitti_mini,000011,eps,0.1,0.1,0.8,3,Pedestrian,Pedestrian,34.2,1.78,39,35,0.8974,10,0.9,35,1
kitti_mini,000011,eps,0.1,0.1,0.8,4,Car,Car,6.6,1.5,927,779,0.8403,288,0.8125,779,1
kitti_mini,000011,eps,0.1,0.1,0.8,5,Pedestrian,Pedestrian,17.8,1.54,60,54,0.9,18,0.8333,54,1
kitti_mini,000015,dist_thr,0.1,0.1,0.5,0,Car,Car,4.9,1.57,1091,974,0.8928,300,0.9167,971,1
kitti_mini,000015,dist_thr,0.1,0.1,0.5,1,Pedestrian,Pedestrian,9.0,1.81,144,138,0.9583,43,0.8605,138,1
kitti_mini,000015,dist_thr,0.1,0.1,0.5,2,Pedestrian,Pedestrian,24.3,1.73,47,43,0.9149,10,1.0,43,1
kitti_mini,000015,dist_thr,0.1,0.1,0.5,3,Pedestrian,Pedestrian,24.4,1.81,64,62,0.9688,16,1.0,62,1
kitti_mini,000015,dist_thr,0.1,0.1,0.5,4,Pedestrian,Pedestrian,23.4,1.78,60,60,1.0,10,1.0,60,1
kitti_mini,000015,dist_thr,0.1,0.2,0.5,0,Car,Car,4.9,1.57,1091,854,0.7828,363,0.6694,851,1
kitti_mini,000015,dist_thr,0.1,0.2,0.5,1,Pedestrian,Pedestrian,9.0,1.81,144,120,0.8333,46,0.6087,120,1
kitti_mini,000015,dist_thr,0.1,0.2,0.5,2,Pedestrian,Pedestrian,24.3,1.73,47,38,0.8085,16,0.6875,38,1
kitti_mini,000015,dist_thr,0.1,0.2,0.5,3,Pedestrian,Pedestrian,24.4,1.81,64,52,0.8125,23,0.5652,52,1
kitti_mini,000015,dist_thr,0.1,0.2,0.5,4,Pedestrian,Pedestrian,23.4,1.78,60,57,0.95,12,0.75,57,1
kitti_mini,000015,dist_thr,0.1,0.3,0.5,0,Car,Car,4.9,1.57,1091,706,0.6471,401,0.4314,703,1
kitti_mini,000015,dist_thr,0.1,0.3,0.5,1,Pedestrian,Pedestrian,9.0,1.81,144,113,0.7847,44,0.5,113,1
kitti_mini,000015,dist_thr,0.1,0.3,0.5,2,Pedestrian,Pedestrian,24.3,1.73,47,37,0.7872,16,0.625,37,1
kitti_mini,000015,dist_thr,0.1,0.3,0.5,3,Pedestrian,Pedestrian,24.4,1.81,64,46,0.7188,19,0.3684,46,1
kitti_mini,000015,dist_thr,0.1,0.3,0.5,4,Pedestrian,Pedestrian,23.4,1.78,60,50,0.8333,12,0.3333,50,1
kitti_mini,000015,dist_thr,0.1,0.4,0.5,0,Car,Car,4.9,1.57,1091,618,0.5665,401,0.212,615,1
kitti_mini,000015,dist_thr,0.1,0.4,0.5,1,Pedestrian,Pedestrian,9.0,1.81,144,101,0.7014,44,0.2273,101,1
kitti_mini,000015,dist_thr,0.1,0.4,0.5,2,Pedestrian,Pedestrian,24.3,1.73,47,33,0.7021,16,0.375,33,1
kitti_mini,000015,dist_thr,0.1,0.4,0.5,3,Pedestrian,Pedestrian,24.4,1.81,64,46,0.7188,19,0.3684,46,1
kitti_mini,000015,dist_thr,0.1,0.4,0.5,4,Pedestrian,Pedestrian,23.4,1.78,60,50,0.8333,12,0.3333,50,1
kitti_mini,000015,eps,0.1,0.1,0.3,0,Car,Car,4.9,1.57,1091,974,0.8928,300,0.9167,937,1
kitti_mini,000015,eps,0.1,0.1,0.3,1,Pedestrian,Pedestrian,9.0,1.81,144,138,0.9583,43,0.8605,138,1
kitti_mini,000015,eps,0.1,0.1,0.3,2,Pedestrian,Pedestrian,24.3,1.73,47,43,0.9149,10,1.0,43,1
kitti_mini,000015,eps,0.1,0.1,0.3,3,Pedestrian,Pedestrian,24.4,1.81,64,62,0.9688,16,1.0,62,1
kitti_mini,000015,eps,0.1,0.1,0.3,4,Pedestrian,Pedestrian,23.4,1.78,60,60,1.0,10,1.0,60,1
kitti_mini,000015,eps,0.1,0.1,0.8,0,Car,Car,4.9,1.57,1091,974,0.8928,300,0.9167,974,1
kitti_mini,000015,eps,0.1,0.1,0.8,1,Pedestrian,Pedestrian,9.0,1.81,144,138,0.9583,43,0.8605,138,1
kitti_mini,000015,eps,0.1,0.1,0.8,2,Pedestrian,Pedestrian,24.3,1.73,47,43,0.9149,10,1.0,43,1
kitti_mini,000015,eps,0.1,0.1,0.8,3,Pedestrian,Pedestrian,24.4,1.81,64,62,0.9688,16,1.0,62,1
kitti_mini,000015,eps,0.1,0.1,0.8,4,Pedestrian,Pedestrian,23.4,1.78,60,60,1.0,10,1.0,60,1
kitti_mini,000019,dist_thr,0.1,0.1,0.5,0,Truck,Car,6.3,2.6,1831,1816,0.9918,156,0.9038,1816,1
kitti_mini,000019,dist_thr,0.1,0.1,0.5,1,Car,Car,10.1,1.46,517,460,0.8897,152,0.625,459,1
kitti_mini,000019,dist_thr,0.1,0.1,0.5,2,Van,Car,35.4,1.97,103,95,0.9223,33,0.7576,95,1
kitti_mini,000019,dist_thr,0.1,0.2,0.5,0,Truck,Car,6.3,2.6,1831,1749,0.9552,172,0.6105,1749,1
kitti_mini,000019,dist_thr,0.1,0.2,0.5,1,Car,Car,10.1,1.46,517,403,0.7795,147,0.6939,402,1
kitti_mini,000019,dist_thr,0.1,0.2,0.5,2,Van,Car,35.4,1.97,103,78,0.7573,30,0.4667,78,1
kitti_mini,000019,dist_thr,0.1,0.3,0.5,0,Truck,Car,6.3,2.6,1831,1694,0.9252,177,0.4011,1694,1
kitti_mini,000019,dist_thr,0.1,0.3,0.5,1,Car,Car,10.1,1.46,517,339,0.6557,177,0.4859,338,1
kitti_mini,000019,dist_thr,0.1,0.3,0.5,2,Van,Car,35.4,1.97,103,76,0.7379,30,0.4,76,1
kitti_mini,000019,dist_thr,0.1,0.4,0.5,0,Truck,Car,6.3,2.6,1831,1624,0.8869,202,0.297,1624,1
kitti_mini,000019,dist_thr,0.1,0.4,0.5,1,Car,Car,10.1,1.46,517,265,0.5126,196,0.2602,264,1
kitti_mini,000019,dist_thr,0.1,0.4,0.5,2,Van,Car,35.4,1.97,103,58,0.5631,36,0.3056,58,1
kitti_mini,000019,eps,0.1,0.1,0.3,0,Truck,Car,6.3,2.6,1831,1816,0.9918,156,0.9038,1815,1
kitti_mini,000019,eps,0.1,0.1,0.3,1,Car,Car,10.1,1.46,517,460,0.8897,152,0.625,444,1
kitti_mini,000019,eps,0.1,0.1,0.3,2,Van,Car,35.4,1.97,103,95,0.9223,33,0.7576,89,1
kitti_mini,000019,eps,0.1,0.1,0.8,0,Truck,Car,6.3,2.6,1831,1816,0.9918,156,0.9038,1816,1
kitti_mini,000019,eps,0.1,0.1,0.8,1,Car,Car,10.1,1.46,517,460,0.8897,152,0.625,460,1
kitti_mini,000019,eps,0.1,0.1,0.8,2,Van,Car,35.4,1.97,103,95,0.9223,33,0.7576,95,1
kitti_mini,000004,dist_thr,0.1,0.1,0.5,0,Car,Car,41.4,1.49,77,66,0.8571,29,1.0,64,1
kitti_mini,000004,dist_thr,0.1,0.2,0.5,0,Car,Car,41.4,1.49,77,55,0.7143,40,0.65,42,1
kitti_mini,000004,dist_thr,0.1,0.3,0.5,0,Car,Car,41.4,1.49,77,37,0.4805,39,0.4615,33,1
kitti_mini,000004,dist_thr,0.1,0.4,0.5,0,Car,Car,41.4,1.49,77,64,0.8312,21,0.381,63,1
kitti_mini,000004,eps,0.1,0.1,0.3,0,Car,Car,41.4,1.49,77,66,0.8571,29,1.0,24,1
kitti_mini,000004,eps,0.1,0.1,0.8,0,Car,Car,41.4,1.49,77,66,0.8571,29,1.0,64,1
